<?xml version='1.0'?>
<home version='5200' exportFlags='27' name='house.sh3d' structure='HomeStructure/Home.obj' camera='topCamera' selectedLevel='level3'>
  <environment groundColor='00A8A8A8' skyColor='00CCE4FC' lightColor='00D0D0D0' wallsAlpha='0.0' allLevelsVisible='true'/>
  <observerCamera attribute='observerCamera' lens='PINHOLE' x='-267.89807' y='952.71313' z='683.9695' yaw='3.8562133' pitch='0.19579649' fieldOfView='1.0995575' time='1464091200165' fixedSize='true'/>
  <camera attribute='topCamera' lens='PINHOLE' x='1443.9828' y='291.42505' z='583.6914' yaw='-494.7849' pitch='0.3157974' fieldOfView='1.0995575' time='1464091200154'/>
  <level id='level0' name='Level 0' elevation='0.0' floorThickness='12.0' height='250.0' elevationIndex='0'/>
  <level id='level1' name='Level 1' elevation='262.0' floorThickness='12.0' height='250.0' elevationIndex='0'/>
  <level id='level2' name='Level 2' elevation='462.0' floorThickness='7.0' height='43.0' elevationIndex='0'/>
  <level id='level3' name='Level 3' elevation='512.0' floorThickness='1.0' height='100.0' elevationIndex='0'/>
  <pieceOfFurniture level='level0' name='Curve staircase' catalogId='eTeks#curveStaircase' creator='eTeks' model='1/model.obj' x='742.2082' y='30.516125' angle='3.1415927' width='80.0' depth='197.0' height='362.0' movable='false'/>
  <pieceOfFurniture level='level1' name='Railing' catalogId='Artist373#railing' creator='Artist373' model='3/model.obj' x='194.23201' y='99.69221' angle='1.5707964' width='200.0' depth='9.0' height='80.0' color='FF391F01' movable='false'/>
  <pieceOfFurniture level='level1' name='Railing' catalogId='Artist373#railing' creator='Artist373' model='3/model.obj' x='449.15198' y='4.4932075' width='506.0' depth='10.0' height='80.0' color='FF391F01' movable='false'/>
  <pieceOfFurniture level='level1' name='Railing' catalogId='Artist373#railing' creator='Artist373' model='3/model.obj' x='696.0129' y='64.47063' angle='1.5707964' width='130.0' depth='10.0' height='80.0' color='FF391F01' movable='false'/>
  <doorOrWindow level='level0' name='Door' catalogId='eTeks#door' creator='eTeks' model='5/model.obj' x='482.65146' y='178.29698' elevation='100.0' angle='2.356195' width='91.5' depth='14.500751' height='100.0' color='FF8F8F8F' shininess='0.5' movable='false'/>
  <doorOrWindow level='level0' name='Door' catalogId='eTeks#door' creator='eTeks' model='5/model.obj' x='417.95114' y='242.99721' elevation='100.0' angle='2.356195' width='91.5' depth='14.500751' height='100.0' modelMirrored='true' color='FF8F8F8F' shininess='0.5' movable='false'/>
  <pieceOfFurniture level='level0' name='Dresser' catalogId='Geantick#dresser' creator='Geantick' model='7/model.obj' x='235.00003' y='174.7576' angle='4.712389' width='350.0' depth='80.0' height='80.0' color='FF391F01'/>
  <pieceOfFurniture level='level1' name='Wardrobe' catalogId='eTeks#wardrobe' creator='eTeks' model='9/model.obj' x='536.82806' y='572.55914' angle='3.1415927' width='160.0' depth='54.0' height='165.0' color='FF391F01'/>
  <furnitureGroup level='level1' name='Group -1-' x='298.5' y='498.75055' angle='4.712389' width='199.37708' depth='208.0' height='70.0'>
    <pieceOfFurniture level='level1' name='Bed 140x190' catalogId='eTeks#bed140x190' creator='eTeks' model='11/model.obj' x='298.5' y='498.70023' angle='4.712391' width='158.0' depth='207.99966' height='70.0'/>
    <pieceOfFurniture level='level1' name='Bedside table' catalogId='eTeks#bedsideTable' creator='eTeks' model='13/model.obj' x='216.03476' y='588.439' angle='3.1415944' width='39.999935' depth='20.0' height='50.0'/>
    <pieceOfFurniture level='level1' name='Bedside table' catalogId='eTeks#bedsideTable' creator='eTeks' model='13/model.obj' x='215.0445' y='409.06204' angle='4.712391' width='20.0' depth='39.999935' height='50.0'/>
  </furnitureGroup>
  <doorOrWindow level='level1' name='Window' catalogId='eTeks#window85x163' creator='eTeks' model='15/model.obj' x='302.38434' y='604.6592' elevation='80.0' angle='1.2207032E-7' width='90.0' depth='10.200749' height='110.0' movable='false'/>
  <pieceOfFurniture level='level1' name='Dresser' catalogId='Geantick#dresser' creator='Geantick' model='7/model.obj' x='662.0' y='306.5592' angle='1.5707964' width='199.0' depth='60.0' height='86.0'/>
  <pieceOfFurniture level='level1' name='Chair' catalogId='Sleipnir1#chair2' creator='Sleipnir1' model='17/model.obj' x='398.7268' y='151.70618' angle='1.5707964' width='38.5' depth='52.0' height='98.0'/>
  <pieceOfFurniture level='level1' name='Chair' catalogId='Sleipnir1#chair2' creator='Sleipnir1' model='17/model.obj' x='227.52126' y='158.18361' angle='4.712389' width='38.5' depth='52.0' height='98.0'/>
  <pieceOfFurniture level='level1' name='Square table' catalogId='eTeks#squareTable' creator='eTeks' model='19/model.obj' x='313.15125' y='153.19684' angle='3.1415925' width='90.0' depth='90.0' height='74.0'/>
  <pieceOfFurniture level='level1' name='Armchair' catalogId='eTeks#armchair' creator='eTeks' model='21/model.obj' x='646.82764' y='52.993206' angle='1.5707964' width='87.0' depth='92.0' height='87.0' shininess='0.0'/>
  <pieceOfFurniture level='level1' name='Armchair' catalogId='eTeks#armchair' creator='eTeks' model='21/model.obj' x='240.5' y='250.5592' angle='4.712389' width='87.0' depth='92.0' height='87.0' shininess='0.0'/>
  <pieceOfFurniture level='level0' name='Desk' catalogId='Sheep#desk' creator='Sheep' model='23/model.obj' x='376.6221' y='35.09405' width='205.0' depth='70.5' height='80.0' color='FF391F01'/>
  <pieceOfFurniture level='level0' name='Chair' catalogId='eTeks#chair' creator='eTeks' model='25/model.obj' x='347.47437' y='115.09781' angle='3.1415927' width='40.0' depth='42.0' height='90.0'/>
  <furnitureGroup level='level1' name='Group -2-' x='824.54095' y='328.18317' angle='4.712389' width='215.63335' depth='250.08191' height='106.0' modelMirrored='true' movable='false'>
    <pieceOfFurniture level='level1' name='Cooker' catalogId='eTeks#cooker' creator='eTeks' model='27/model.obj' x='732.4816' y='250.36652' angle='4.712389' width='60.0' depth='63.99998' height='86.0' modelMirrored='true' movable='false'/>
    <pieceOfFurniture level='level1' name='Sink' catalogId='eTeks#sink' creator='eTeks' model='29/model.obj' x='854.582' y='400.99982' angle='6.283185' width='189.99995' depth='70.0' height='106.0' modelMirrored='true' movable='false'/>
    <pieceOfFurniture level='level1' name='Kitchen cabinet' catalogId='eTeks#kitchenCabinet' creator='eTeks' model='31/model.obj' x='732.0' y='387.82562' angle='4.712389' width='96.0' depth='64.99998' height='85.0' modelMirrored='true' movable='false'/>
    <pieceOfFurniture level='level1' name='Fridge' catalogId='eTeks#fridge' creator='eTeks' model='33/model.obj' x='732.5' y='309.82562' angle='4.712389' width='60.0' depth='65.99998' height='85.0' modelMirrored='true' movable='false'/>
  </furnitureGroup>
  <furnitureGroup level='level1' name='Group -3-' x='819.823' y='530.7983' angle='1.5707964' width='137.52158' depth='253.78711' height='246.0' movable='false'>
    <pieceOfFurniture level='level1' name='Shower' catalogId='eTeks#shower' creator='eTeks' model='35/model.obj' x='896.7166' y='522.0375' angle='1.5707965' width='120.0' depth='99.999886' height='211.0' movable='false'/>
    <pieceOfFurniture level='level1' name='Toilet unit' catalogId='eTeks#toiletUnit' creator='eTeks' model='37/model.obj' x='806.7681' y='559.5591' angle='3.1415927' width='39.99994' depth='80.0' height='62.0' movable='false'/>
    <pieceOfFurniture level='level1' name='Washbasin with cabinet' catalogId='eTeks#washbasinWithCabinet' creator='eTeks' model='39/model.obj' x='731.9165' y='571.0591' angle='3.1415927' width='61.999916' depth='57.0' height='97.0' movable='false'/>
    <pieceOfFurniture level='level1' name='Curtain' catalogId='Geantick#curtain' creator='Geantick' model='41/model.obj' x='704.42944' y='514.12897' elevation='8.0' angle='4.712389' width='67.0' depth='22.999966' height='238.0' modelRotation='-1 0 0 0 1 0 0 0 -1' movable='false'/>
  </furnitureGroup>
  <pieceOfFurniture level='level3' name='roof' model='43/roof.obj' x='431.27115' y='400.75198' elevation='36.0' width='600.0' depth='446.30005' height='67.0' modelRotation='0 -1 0 0 0 -1 1 0 0'/>
</home>