<?xml version='1.0'?>
<home version='5200' exportFlags='27' name='house23deg.sh3d' structure='HomeStructure/Home.obj' camera='topCamera' selectedLevel='level0'>
  <environment groundColor='00A8A8A8' skyColor='00CCE4FC' lightColor='00D0D0D0' wallsAlpha='0.0' allLevelsVisible='true'/>
  <observerCamera attribute='observerCamera' lens='PINHOLE' x='-267.89807' y='952.71313' z='171.96948' yaw='3.8562133' pitch='0.19579649' fieldOfView='1.0995575' time='1464091200165' fixedSize='true'/>
  <camera attribute='topCamera' lens='PINHOLE' x='-459.47247' y='1028.6399' z='841.57947' yaw='-642.92084' pitch='0.5649999' fieldOfView='1.0995575' time='1464091200154'/>
  <level id='level0' name='Level 0' elevation='0.0' floorThickness='12.0' height='250.0' elevationIndex='0' viewable='false'/>
  <level id='level1' name='Level 6' elevation='0.0' floorThickness='12.0' height='250.0' elevationIndex='4'/>
  <level id='level2' name='Level 1' elevation='262.0' floorThickness='12.0' height='250.0' elevationIndex='0'/>
  <level id='level3' name='Level 5' elevation='262.0' floorThickness='12.0' height='250.0' elevationIndex='1'/>
  <level id='level4' name='Level 2' elevation='462.0' floorThickness='7.0' height='43.0' elevationIndex='0'/>
  <level id='level5' name='Level 3' elevation='512.0' floorThickness='1.0' height='100.0' elevationIndex='0'/>
  <pieceOfFurniture level='level3' name='roof porch' model='1/roof%20porch.obj' x='496.841' y='508.07816' elevation='190.0' angle='3.1415927' width='530.0' depth='344.4496' height='69.79188' modelRotation='0 -1 0 0 0 -1 1 0 0'/>
  <pieceOfFurniture level='level3' name='roof_kitchen' model='3/roof_kitchen.obj' x='108.12016' y='881.1301' elevation='185.0' width='294.31552' depth='430.0' height='79.14331' modelRotation='1 0 0 0 0 1 0 -1 0'/>
  <pieceOfFurniture level='level2' name='Railing' catalogId='Artist373#railing' creator='Artist373' model='5/model.obj' x='746.3122' y='520.97675' angle='1.5707964' width='290.0' depth='10.0' height='100.0' color='FF391F01' movable='false'/>
  <pieceOfFurniture level='level2' name='Railing' catalogId='Artist373#railing' creator='Artist373' model='5/model.obj' x='378.7862' y='370.94443' width='234.8' depth='9.900001' height='100.0' color='FF391F01' movable='false'/>
  <pieceOfFurniture level='level2' name='Railing' catalogId='Artist373#railing' creator='Artist373' model='5/model.obj' x='256.14206' y='480.5236' angle='1.5707964' width='209.0' depth='10.0' height='100.0' color='FF391F01' movable='false'/>
  <pieceOfFurniture level='level2' name='Wardrobe' catalogId='eTeks#wardrobe' creator='eTeks' model='7/model.obj' x='397.91592' y='1054.5853' angle='3.1415927' width='160.0' depth='54.0' height='165.0' color='FF391F01'/>
  <furnitureGroup level='level2' name='Group -1-' x='641.3192' y='981.30426' angle='3.1415927' width='199.37524' depth='207.99976' height='70.0'>
    <pieceOfFurniture level='level2' name='Bed 140x190' catalogId='eTeks#bed140x190' creator='eTeks' model='9/model.obj' x='641.26807' y='981.3043' angle='3.1415946' width='158.0' depth='207.99942' height='70.0'/>
    <pieceOfFurniture level='level2' name='Bedside table' catalogId='eTeks#bedsideTable' creator='eTeks' model='11/model.obj' x='731.0068' y='1063.7712' angle='1.5707979' width='39.999893' depth='20.0' height='50.0'/>
    <pieceOfFurniture level='level2' name='Bedside table' catalogId='eTeks#bedsideTable' creator='eTeks' model='11/model.obj' x='551.6316' y='1064.7612' angle='3.1415946' width='20.0' depth='39.999893' height='50.0'/>
  </furnitureGroup>
  <doorOrWindow level='level2' name='Window' catalogId='eTeks#window85x163' creator='eTeks' model='13/model.obj' x='646.5708' y='1088.0109' elevation='80.0' angle='1.7484555E-7' width='90.0' depth='20.40075' height='110.0' movable='false'/>
  <pieceOfFurniture level='level2' name='Dresser' catalogId='Geantick#dresser' creator='Geantick' model='15/model.obj' x='281.14627' y='783.703' angle='4.712389' width='205.0' depth='60.0' height='86.0'/>
  <furnitureGroup level='level2' name='Group -4-' x='611.3191' y='580.49133' angle='4.712389' width='90.00012' depth='223.2056' height='98.0'>
    <pieceOfFurniture level='level2' name='Chair' catalogId='Sleipnir1#chair2' creator='Sleipnir1' model='17/model.obj' x='525.7163' y='583.72986' angle='4.7123904' width='38.5' depth='52.00006' height='98.0'/>
    <pieceOfFurniture level='level2' name='Chair' catalogId='Sleipnir1#chair2' creator='Sleipnir1' model='17/model.obj' x='696.9218' y='577.2526' angle='1.5707972' width='38.5' depth='52.00006' height='98.0'/>
    <pieceOfFurniture level='level2' name='Square table' catalogId='eTeks#squareTable' creator='eTeks' model='19/model.obj' x='611.319' y='580.49133' angle='1.7285347E-6' width='90.00005' depth='90.0' height='74.0'/>
  </furnitureGroup>
  <pieceOfFurniture level='level2' name='Armchair' catalogId='eTeks#armchair' creator='eTeks' model='21/model.obj' x='701.59436' y='730.7126' angle='1.5707964' width='87.0' depth='92.0' height='87.0' shininess='0.0'/>
  <pieceOfFurniture level='level2' name='Armchair' catalogId='eTeks#armchair' creator='eTeks' model='21/model.obj' x='703.4366' y='421.13846' angle='1.5707964' width='87.0' depth='92.0' height='87.0' shininess='0.0'/>
  <furnitureGroup level='level2' name='Group -2-' x='128.2106' y='770.3033' angle='1.5707964' width='207.1383' depth='215.87105' height='106.0' movable='false'>
    <pieceOfFurniture level='level2' name='Cooker' catalogId='eTeks#cooker' creator='eTeks' model='23/model.obj' x='203.16425' y='696.7341' angle='1.5707964' width='60.0' depth='63.999928' height='86.0' movable='false'/>
    <pieceOfFurniture level='level2' name='Sink' catalogId='eTeks#sink' creator='eTeks' model='25/model.obj' x='95.77511' y='837.7908' angle='3.141592' width='151.0' depth='72.0' height='106.0' movable='false'/>
    <pieceOfFurniture level='level2' name='Kitchen cabinet' catalogId='eTeks#kitchenCabinet' creator='eTeks' model='27/model.obj' x='203.84613' y='830.27234' angle='1.5707964' width='87.200005' depth='64.6' height='85.0' movable='false'/>
    <pieceOfFurniture level='level2' name='Fridge' catalogId='eTeks#fridge' creator='eTeks' model='29/model.obj' x='203.14618' y='756.99176' angle='1.5707964' width='60.0' depth='65.99992' height='85.0' movable='false'/>
  </furnitureGroup>
  <furnitureGroup level='level2' name='Group -3-' x='140.26492' y='993.404' angle='4.712389' width='176.0047' depth='207.49364' height='250.0' modelMirrored='true' movable='false'>
    <pieceOfFurniture level='level2' name='Shower' catalogId='eTeks#shower' creator='eTeks' model='31/model.obj' x='86.51822' y='1020.5867' angle='4.712391' width='120.0' depth='99.99998' height='211.0' modelMirrored='true' movable='false'/>
    <pieceOfFurniture level='level2' name='Toilet unit' catalogId='eTeks#toiletUnit' creator='eTeks' model='33/model.obj' x='76.518105' y='925.40106' angle='4.712389' width='39.99998' depth='79.99998' height='62.0' modelMirrored='true' movable='false'/>
    <pieceOfFurniture level='level2' name='Washbasin with cabinet' catalogId='eTeks#washbasinWithCabinet' creator='eTeks' model='35/model.obj' x='201.83203' y='1052.9058' angle='3.1415927' width='61.99997' depth='57.0' height='97.0' modelMirrored='true' movable='false'/>
    <pieceOfFurniture level='level2' name='Curtain' catalogId='Geantick#curtain' creator='Geantick' model='37/model.obj' x='232.51173' y='942.48224' angle='1.5707963' width='67.0' depth='22.999983' height='250.0' modelMirrored='true' modelRotation='-1 0 0 0 1 0 0 0 -1' movable='false'/>
  </furnitureGroup>
  <pieceOfFurniture level='level2' name='Desk' catalogId='Sheep#desk' creator='Sheep' model='39/model.obj' x='363.14264' y='410.30545' width='204.0' depth='70.5' height='80.0' color='FF271C00'/>
  <pieceOfFurniture level='level2' name='Chair' catalogId='eTeks#chair' creator='eTeks' model='41/model.obj' x='354.5081' y='488.54028' angle='3.1415927' width='40.0' depth='42.0' height='90.0'/>
  <pieceOfFurniture level='level2' name='Railing' catalogId='Artist373#railing' creator='Artist373' model='5/model.obj' x='623.7489' y='370.93356' width='235.0' depth='9.900001' height='100.0' color='FF391F01' movable='false'/>
  <pieceOfFurniture level='level1' name='Curve staircase' catalogId='eTeks#curveStaircase' creator='eTeks' model='43/model.obj' x='205.40875' y='476.6873' angle='3.1415927' width='79.0' depth='218.0' height='362.0' modelMirrored='true' movable='false'/>
  <doorOrWindow level='level1' name='Door' catalogId='eTeks#door' creator='eTeks' model='45/model.obj' x='588.0115' y='619.52374' elevation='90.0' angle='3.4870343' width='91.5' depth='14.500751' height='100.0' color='FF8F8F8F' shininess='0.5' movable='false'/>
  <doorOrWindow level='level1' name='Door' catalogId='eTeks#door' creator='eTeks' model='45/model.obj' x='501.91675' y='588.5407' elevation='90.0' angle='3.4870343' width='91.5' depth='14.500751' height='100.0' modelMirrored='true' color='FF8F8F8F' shininess='0.5' movable='false'/>
  <pieceOfFurniture level='level1' name='Dresser' catalogId='Geantick#dresser' creator='Geantick' model='15/model.obj' x='710.72723' y='505.97913' angle='1.5707964' width='280.0' depth='80.0' height='80.0' color='FF391F01'/>
  <pieceOfFurniture level='level1' name='Chair' catalogId='eTeks#chair' creator='eTeks' model='41/model.obj' x='581.6588' y='489.47504' angle='3.1415927' width='40.0' depth='42.0' height='90.0'/>
  <pieceOfFurniture level='level1' name='Desk' catalogId='Sheep#desk' creator='Sheep' model='39/model.obj' x='568.72723' y='401.40848' width='204.0' depth='70.5' height='80.0' color='FF391F01'/>
  <pieceOfFurniture level='level5' name='roof_pointy' model='47/roof_pointy.obj' x='327.58975' y='881.35614' elevation='10.0' angle='3.1408434' width='330.13107' depth='446.26703' height='67.0329' modelRotation='0 1 0 0 0 -1 -1 0 0'/>
  <pieceOfFurniture level='level5' name='roof_pointy' model='47/roof_pointy.obj' x='658.13684' y='882.60223' elevation='10.0' width='330.13107' depth='446.26703' height='67.0329' modelRotation='0 1 0 0 0 -1 -1 0 0'/>
  <pieceOfFurniture level='level0' name='slope23' model='49/slope23.obj' x='500.0' y='500.1963' angle='0.34906584' width='1000.0' depth='1000.4' height='427.7' color='FF725800' modelRotation='0 -1 0 1 0 0 0 0 1'/>
</home>