<?xml version='1.0'?>
<home version='5200' exportFlags='27' name='housefinal.sh3d' structure='HomeStructure/Home.obj' camera='topCamera' selectedLevel='level16'>
  <environment groundColor='FF918871' skyColor='00CCE4FC' lightColor='00BFBFBF' wallsAlpha='0.0' allLevelsVisible='true'/>
  <observerCamera attribute='observerCamera' lens='PINHOLE' x='328.42282' y='1701.09' z='609.23145' yaw='3.416036' pitch='1.0253805' fieldOfView='1.0995574' time='1464091200165' fixedSize='true'/>
  <camera attribute='topCamera' lens='PINHOLE' x='-945.7758' y='-204.11115' z='874.48175' yaw='-1188.6002' pitch='0.2950001' fieldOfView='1.0995575' time='1464091200154'/>
  <level id='level0' name='Ground' elevation='0.0' floorThickness='12.0' height='250.0' elevationIndex='0' viewable='false'/>
  <level id='level1' name='Soutterrain' elevation='30.0' floorThickness='12.0' height='180.0' elevationIndex='0'/>
  <level id='level2' name='Soutterrain furniture' elevation='30.0' floorThickness='12.0' height='180.0' elevationIndex='1'/>
  <level id='level3' name='Bathroom' elevation='150.0' floorThickness='12.0' height='250.0' elevationIndex='0'/>
  <level id='level4' name='Bathroom furniture' elevation='150.0' floorThickness='12.0' height='250.0' elevationIndex='1'/>
  <level id='level5' name='Bathroom walls' elevation='150.0' floorThickness='12.0' height='250.0' elevationIndex='2'/>
  <level id='level6' name='Porch stairs' elevation='150.0' floorThickness='12.0' height='250.0' elevationIndex='3'/>
  <level id='level7' name='Porch stairs 2' elevation='170.0' floorThickness='12.0' height='250.0' elevationIndex='0' viewable='false'/>
  <level id='level8' name='Nipa Roofs' elevation='200.0' floorThickness='12.0' height='250.0' elevationIndex='0'/>
  <level id='level9' name='Ground Floor' elevation='230.0' floorThickness='12.0' height='250.0' elevationIndex='0'/>
  <level id='level10' name='Ground level furniture' elevation='230.0' floorThickness='12.0' height='250.0' elevationIndex='1'/>
  <level id='level11' name='Porch' elevation='260.0' floorThickness='12.0' height='250.0' elevationIndex='0'/>
  <level id='level12' name='Bedroom' elevation='260.0' floorThickness='12.0' height='250.0' elevationIndex='1'/>
  <level id='level13' name='Bedroom furniture' elevation='260.0' floorThickness='12.0' height='250.0' elevationIndex='2'/>
  <level id='level14' name='Porch furniture' elevation='260.0' floorThickness='12.0' height='250.0' elevationIndex='3'/>
  <level id='level15' name='Porch furniture 2' elevation='260.0' floorThickness='12.0' height='250.0' elevationIndex='4' viewable='false'/>
  <level id='level16' name='Main Roof' elevation='470.0' floorThickness='1.0' height='100.0' elevationIndex='0'/>
  <level id='level17' name='Storage Area' elevation='480.0' floorThickness='7.0' height='43.0' elevationIndex='0' viewable='false'/>
  <pieceOfFurniture level='level8' name='roof_kitchen_steep' model='1/roof_kitchen_steep.obj' x='851.36383' y='677.9731' elevation='120.0' angle='1.5707964' width='530.0' depth='300.0' height='170.0' color='FF8C7A3B' modelRotation='0 1 0 0 0 -1 -1 0 0'/>
  <pieceOfFurniture level='level2' name='Dresser' catalogId='Geantick#dresser' creator='Geantick' model='3/model.obj' x='657.6964' y='507.54718' angle='1.5707964' width='185.0' depth='78.0' height='80.0' color='FF391F01'/>
  <pieceOfFurniture level='level2' name='Chair' catalogId='eTeks#chair' creator='eTeks' model='5/model.obj' x='592.3803' y='486.05902' angle='4.712389' width='40.0' depth='42.0' height='90.0'/>
  <pieceOfFurniture level='level10' name='Armchair' catalogId='eTeks#armchair' creator='eTeks' model='7/model.obj' x='654.0' y='660.24084' angle='1.5707964' width='87.0' depth='92.0' height='87.0' shininess='0.0'/>
  <pieceOfFurniture level='level10' name='Dresser' catalogId='Geantick#dresser' creator='Geantick' model='3/model.obj' x='638.2329' y='885.0' angle='3.1415927' width='120.0' depth='60.0' height='86.0'/>
  <furnitureGroup level='level4' name='Group -3-' x='809.1141' y='824.0362' angle='1.5707964' width='181.68408' depth='209.90167' height='250.0' modelMirrored='true' movable='false'>
    <pieceOfFurniture level='level4' name='Shower' catalogId='eTeks#shower' creator='eTeks' model='9/model.obj' x='864.06323' y='853.8457' angle='1.5707983' width='119.99709' depth='100.003174' height='211.0' modelMirrored='true' movable='false'/>
    <pieceOfFurniture level='level4' name='Toilet unit' catalogId='eTeks#toiletUnit' creator='eTeks' model='11/model.obj' x='874.06366' y='753.19366' angle='1.5707964' width='39.999012' depth='80.00253' height='62.0' modelMirrored='true' movable='false'/>
    <pieceOfFurniture level='level4' name='Washbasin with cabinet' catalogId='eTeks#washbasinWithCabinet' creator='eTeks' model='13/model.obj' x='745.089' y='883.87726' angle='4.712389' width='62.00195' depth='56.998615' height='97.0' modelMirrored='true' movable='false'/>
    <pieceOfFurniture level='level4' name='Curtain' catalogId='Geantick#curtain' creator='Geantick' model='15/model.obj' x='715.66364' y='771.1169' angle='1.5707964' width='66.998375' depth='23.000717' height='250.0' modelMirrored='true' modelRotation='-1 0 0 0 1 0 0 0 -1' movable='false'/>
  </furnitureGroup>
  <furnitureGroup level='level4' name='Group -2-' x='822.61035' y='564.8692' angle='4.712389' width='269.31717' depth='215.22064' height='106.0' modelMirrored='true' movable='false'>
    <pieceOfFurniture level='level4' name='Cooker' catalogId='eTeks#cooker' creator='eTeks' model='17/model.obj' x='897.0994' y='462.2078' angle='6.5168274E-7' width='60.001083' depth='63.994354' height='86.0' modelMirrored='true' movable='false'/>
    <pieceOfFurniture level='level4' name='Sink' catalogId='eTeks#sink' creator='eTeks' model='19/model.obj' x='790.5014' y='663.5309' angle='6.5168274E-7' width='151.00275' depth='71.99373' height='106.0' modelMirrored='true' movable='false'/>
    <pieceOfFurniture level='level4' name='Kitchen cabinet' catalogId='eTeks#kitchenCabinet' creator='eTeks' model='21/model.obj' x='896.96387' y='627.72076' angle='1.5707964' width='141.0' depth='64.0' height='85.0' modelMirrored='true' movable='false'/>
    <pieceOfFurniture level='level4' name='Fridge' catalogId='eTeks#fridge' creator='eTeks' model='23/model.obj' x='897.2201' y='524.9375' angle='1.5707964' width='59.994778' depth='66.00112' height='85.0' modelMirrored='true' movable='false'/>
  </furnitureGroup>
  <doorOrWindow level='level12' name='Window' catalogId='eTeks#window85x163' creator='eTeks' model='25/model.obj' x='280.77295' y='925.2' elevation='100.0' angle='1.7484555E-7' width='90.0' depth='20.40075' height='90.0' movable='false'/>
  <furnitureGroup level='level13' name='Group -1-' x='279.4958' y='810.42035' angle='3.1415927' width='158.0' depth='208.0' height='70.0'>
    <pieceOfFurniture level='level13' name='Bed 140x190' catalogId='eTeks#bed140x190' creator='eTeks' model='27/model.obj' x='279.4958' y='810.42035' angle='3.141596' width='157.99931' depth='207.99959' height='70.0'/>
  </furnitureGroup>
  <pieceOfFurniture level='level13' name='Dresser' catalogId='Geantick#dresser' creator='Geantick' model='3/model.obj' x='401.2798' y='887.0' angle='3.1415927' width='85.0' depth='56.0' height='50.0'/>
  <pieceOfFurniture level='level13' name='Wardrobe' catalogId='eTeks#wardrobe' creator='eTeks' model='29/model.obj' x='226.94778' y='660.42535' angle='4.712389' width='90.0' depth='53.0' height='165.0' color='FF391F01'/>
  <furnitureGroup level='level14' name='Group -4-' x='574.67505' y='526.145' angle='1.5707964' width='89.99991' depth='223.20001' height='98.0'>
    <pieceOfFurniture level='level14' name='Chair' catalogId='Sleipnir1#chair2' creator='Sleipnir1' model='31/model.obj' x='660.2756' y='522.9064' angle='1.5707978' width='38.49992' depth='51.998863' height='98.0'/>
    <pieceOfFurniture level='level14' name='Chair' catalogId='Sleipnir1#chair2' creator='Sleipnir1' model='31/model.obj' x='489.07443' y='529.3838' angle='4.71239' width='38.49992' depth='51.998863' height='98.0'/>
    <pieceOfFurniture level='level14' name='Square table' catalogId='eTeks#squareTable' creator='eTeks' model='33/model.obj' x='574.6751' y='526.145' angle='3.141594' width='89.9979' depth='89.99982' height='74.0'/>
  </furnitureGroup>
  <pieceOfFurniture level='level14' name='Desk' catalogId='Sheep#desk' creator='Sheep' model='35/model.obj' x='272.0053' y='487.94345' width='150.0' depth='70.5' height='80.0' color='FF3E2501'/>
  <pieceOfFurniture level='level14' name='Chair' catalogId='eTeks#chair' creator='eTeks' model='5/model.obj' x='259.8908' y='545.94006' angle='4.712389' width='40.0' depth='42.0' height='90.0'/>
  <pieceOfFurniture level='level14' name='Armchair' catalogId='eTeks#armchair' creator='eTeks' model='7/model.obj' x='456.21368' y='356.56033' angle='1.7484555E-7' width='87.0' depth='92.0' height='87.0' shininess='0.0'/>
  <pieceOfFurniture level='level14' name='Railing' catalogId='Artist373#railing' creator='Artist373' model='37/model.obj' x='321.2323' y='305.77396' width='250.0' depth='11.0' height='100.0' color='FF391F01' movable='false'/>
  <pieceOfFurniture level='level14' name='Railing' catalogId='Artist373#railing' creator='Artist373' model='37/model.obj' x='580.657' y='305.12668' width='248.0' depth='9.0' height='100.0' color='FF391F01' movable='false'/>
  <pieceOfFurniture level='level16' name='roof2' model='39/roof2.obj' x='299.27823' y='416.73248' elevation='50.0' angle='3.1415927' width='295.9' depth='430.0' height='179.5' color='FF8C7A3B' modelRotation='1 0 0 0 0 -1 0 1 0'/>
  <pieceOfFurniture level='level16' name='roof2' model='39/roof2.obj' x='583.8772' y='417.7625' elevation='50.0' angle='3.1415927' width='295.9' depth='430.0' height='179.5' modelMirrored='true' color='FF8C7A3B' modelRotation='1 0 0 0 0 -1 0 1 0'/>
  <pieceOfFurniture level='level16' name='roof2' model='39/roof2.obj' x='298.1127' y='808.36285' width='295.9' depth='430.0' height='179.5' modelMirrored='true' modelRotation='1 0 0 0 0 -1 0 1 0'>
    <texture name='Stone' catalogId='eTeks#stone3Wall' width='55.3' height='35.0' angle='1.5707964' image='40'/>
  </pieceOfFurniture>
  <pieceOfFurniture level='level16' name='roof2' model='39/roof2.obj' x='584.4031' y='807.33307' width='295.9' depth='430.0' height='179.5' modelRotation='1 0 0 0 0 -1 0 1 0'>
    <texture name='Stone' catalogId='eTeks#stone3Wall' width='55.3' height='35.0' angle='1.5707964' image='40'/>
  </pieceOfFurniture>
  <pieceOfFurniture level='level17' name='roof_kitchen_steep' model='1/roof_kitchen_steep.obj' x='438.43115' y='331.4793' width='537.0' depth='140.0' height='80.0' color='FF8C7A3B' modelRotation='0 1 0 0 0 -1 -1 0 0'/>
  <pieceOfFurniture level='level14' name='Railing' catalogId='Artist373#railing' creator='Artist373' model='37/model.obj' x='190.32776' y='352.639' angle='1.5707964' width='82.0' depth='8.0' height='100.0' color='FF391F01' movable='false'/>
  <pieceOfFurniture level='level14' name='Railing' catalogId='Artist373#railing' creator='Artist373' model='37/model.obj' x='192.50531' y='526.35535' angle='1.5707964' width='147.0' depth='9.0' height='100.0' color='FF391F01' movable='false'/>
  <pieceOfFurniture level='level14' name='Railing' catalogId='Artist373#railing' creator='Artist373' model='37/model.obj' x='712.0' y='500.089' angle='1.5707964' width='202.0' depth='6.0' height='100.0' color='FF391F01' movable='false'/>
  <pieceOfFurniture level='level15' name='Armchair' catalogId='eTeks#armchair' creator='eTeks' model='7/model.obj' x='243.28815' y='354.77396' angle='4.712389' width='87.0' depth='92.0' height='87.0' shininess='0.0'/>
  <furnitureGroup level='level15' name='Group -4-' x='593.90265' y='371.92642' angle='1.5707964' width='90.00003' depth='223.19983' height='98.0'>
    <pieceOfFurniture level='level15' name='Chair' catalogId='Sleipnir1#chair2' creator='Sleipnir1' model='31/model.obj' x='679.5032' y='368.68777' angle='1.5707978' width='38.49996' depth='51.99875' height='98.0'/>
    <pieceOfFurniture level='level15' name='Chair' catalogId='Sleipnir1#chair2' creator='Sleipnir1' model='31/model.obj' x='508.3021' y='375.16507' angle='4.7123904' width='38.49996' depth='51.99875' height='98.0'/>
    <pieceOfFurniture level='level15' name='Square table' catalogId='eTeks#squareTable' creator='eTeks' model='33/model.obj' x='593.90283' y='371.92642' angle='3.141594' width='89.99772' depth='89.999916' height='74.0'/>
  </furnitureGroup>
  <pieceOfFurniture level='level15' name='Desk' catalogId='Sheep#desk' creator='Sheep' model='35/model.obj' x='327.4223' y='524.4925' angle='4.712389' width='150.0' depth='70.5' height='80.0' color='FF3E2501'/>
  <pieceOfFurniture level='level15' name='Chair' catalogId='eTeks#chair' creator='eTeks' model='5/model.obj' x='234.51007' y='540.56104' angle='4.712389' width='40.0' depth='42.0' height='90.0'/>
  <pieceOfFurniture level='level7' name='Staircase' catalogId='eTeks#staircase' creator='eTeks' model='42/model.obj' x='640.5473' y='561.33875' angle='4.712389' width='80.0' depth='150.0' height='120.0' movable='false'/>
  <pieceOfFurniture level='level15' name='Railing' catalogId='Artist373#railing' creator='Artist373' model='37/model.obj' x='191.50531' y='546.5' angle='1.5707964' width='107.0' depth='11.0' height='100.0' color='FF391F01' movable='false'/>
  <pieceOfFurniture level='level15' name='Railing' catalogId='Artist373#railing' creator='Artist373' model='37/model.obj' x='190.32776' y='373.639' angle='1.5707964' width='124.0' depth='8.0' height='100.0' color='FF391F01' movable='false'/>
  <pieceOfFurniture level='level15' name='Railing' catalogId='Artist373#railing' creator='Artist373' model='37/model.obj' x='321.2323' y='305.77396' width='250.0' depth='11.0' height='100.0' color='FF391F01' movable='false'/>
  <pieceOfFurniture level='level15' name='Railing' catalogId='Artist373#railing' creator='Artist373' model='37/model.obj' x='580.657' y='305.12668' width='248.0' depth='9.0' height='100.0' color='FF391F01' movable='false'/>
  <pieceOfFurniture level='level15' name='Railing' catalogId='Artist373#railing' creator='Artist373' model='37/model.obj' x='713.413' y='414.2878' angle='1.5707964' width='208.0' depth='5.0' height='100.0' color='FF391F01' movable='false'/>
  <pieceOfFurniture level='level6' name='Staircase' catalogId='eTeks#staircase' creator='eTeks' model='42/model.obj' x='746.16144' y='376.46585' width='58.0' depth='88.0' height='160.0' movable='false'/>
</home>