<?xml version='1.0'?>
<home version='5200' exportFlags='27' name='house16deg.sh3d' structure='HomeStructure/Home.obj' camera='topCamera' selectedLevel='level0'>
  <environment groundColor='00A8A8A8' skyColor='00CCE4FC' lightColor='00D0D0D0' wallsAlpha='0.0' allLevelsVisible='true'/>
  <observerCamera attribute='observerCamera' lens='PINHOLE' x='-267.89807' y='952.71313' z='171.96948' yaw='3.8562133' pitch='0.19579649' fieldOfView='1.0995575' time='1464091200165' fixedSize='true'/>
  <camera attribute='topCamera' lens='PINHOLE' x='-1254.1667' y='821.914' z='375.00952' yaw='-774.3367' pitch='0.054999985' fieldOfView='1.0995575' time='1464091200154'/>
  <level id='level0' name='Level 5' elevation='0.0' floorThickness='12.0' height='250.0' elevationIndex='3' viewable='false'/>
  <level id='level1' name='Level 6' elevation='0.0' floorThickness='12.0' height='250.0' elevationIndex='4'/>
  <level id='level2' name='Level 1' elevation='262.0' floorThickness='12.0' height='250.0' elevationIndex='0'/>
  <level id='level3' name='Level 5' elevation='262.0' floorThickness='12.0' height='250.0' elevationIndex='1'/>
  <level id='level4' name='Level 2' elevation='462.0' floorThickness='7.0' height='43.0' elevationIndex='0'/>
  <level id='level5' name='Level 3' elevation='512.0' floorThickness='1.0' height='100.0' elevationIndex='0'/>
  <pieceOfFurniture level='level2' name='Railing' catalogId='Artist373#railing' creator='Artist373' model='1/model.obj' x='639.1979' y='723.5995' angle='1.5707964' width='290.0' depth='10.0' height='100.0' color='FF391F01' movable='false'/>
  <pieceOfFurniture level='level2' name='Railing' catalogId='Artist373#railing' creator='Artist373' model='1/model.obj' x='271.6707' y='573.5687' width='234.8' depth='9.900001' height='100.0' color='FF391F01' movable='false'/>
  <pieceOfFurniture level='level2' name='Railing' catalogId='Artist373#railing' creator='Artist373' model='1/model.obj' x='149.02713' y='683.14667' angle='1.5707964' width='209.0' depth='10.0' height='100.0' color='FF391F01' movable='false'/>
  <pieceOfFurniture level='level2' name='Wardrobe' catalogId='eTeks#wardrobe' creator='eTeks' model='3/model.obj' x='291.93042' y='1253.4406' angle='3.1415927' width='160.0' depth='54.0' height='165.0' color='FF391F01'/>
  <furnitureGroup level='level2' name='Group -1-' x='539.0878' y='1183.9308' angle='1.5707964' width='199.37695' depth='207.99973' height='70.0'>
    <pieceOfFurniture level='level2' name='Bed 140x190' catalogId='eTeks#bed140x190' creator='eTeks' model='5/model.obj' x='539.08777' y='1183.9811' angle='1.5707983' width='158.0' depth='207.99942' height='70.0'/>
    <pieceOfFurniture level='level2' name='Bedside table' catalogId='eTeks#bedsideTable' creator='eTeks' model='7/model.obj' x='621.5548' y='1094.2423' angle='1.5497208E-6' width='39.999893' depth='20.0' height='50.0'/>
    <pieceOfFurniture level='level2' name='Bedside table' catalogId='eTeks#bedsideTable' creator='eTeks' model='7/model.obj' x='622.54474' y='1273.6193' angle='1.5707983' width='20.0' depth='39.999893' height='50.0'/>
  </furnitureGroup>
  <doorOrWindow level='level2' name='Window' catalogId='eTeks#window85x163' creator='eTeks' model='9/model.obj' x='539.4565' y='1290.6398' elevation='80.0' angle='1.7484555E-7' width='90.0' depth='20.40075' height='110.0' movable='false'/>
  <pieceOfFurniture level='level2' name='Dresser' catalogId='Geantick#dresser' creator='Geantick' model='11/model.obj' x='174.03122' y='986.326' angle='4.712389' width='205.0' depth='60.0' height='86.0'/>
  <furnitureGroup level='level2' name='Group -4-' x='504.20462' y='783.11426' angle='4.712389' width='90.00012' depth='223.20547' height='98.0'>
    <pieceOfFurniture level='level2' name='Chair' catalogId='Sleipnir1#chair2' creator='Sleipnir1' model='13/model.obj' x='418.6019' y='786.3529' angle='4.7123904' width='38.5' depth='52.00006' height='98.0'/>
    <pieceOfFurniture level='level2' name='Chair' catalogId='Sleipnir1#chair2' creator='Sleipnir1' model='13/model.obj' x='589.8074' y='779.87555' angle='1.5707972' width='38.5' depth='52.00006' height='98.0'/>
    <pieceOfFurniture level='level2' name='Square table' catalogId='eTeks#squareTable' creator='eTeks' model='15/model.obj' x='504.20456' y='783.11426' angle='1.7285347E-6' width='90.00005' depth='90.0' height='74.0'/>
  </furnitureGroup>
  <pieceOfFurniture level='level2' name='Armchair' catalogId='eTeks#armchair' creator='eTeks' model='17/model.obj' x='594.48004' y='933.3356' angle='1.5707964' width='87.0' depth='92.0' height='87.0' shininess='0.0'/>
  <pieceOfFurniture level='level2' name='Armchair' catalogId='eTeks#armchair' creator='eTeks' model='17/model.obj' x='596.32227' y='623.7622' angle='1.5707964' width='87.0' depth='92.0' height='87.0' shininess='0.0'/>
  <furnitureGroup level='level2' name='Group -2-' x='21.095646' y='972.9263' angle='1.5707964' width='207.13843' depth='215.8711' height='106.0' movable='false'>
    <pieceOfFurniture level='level2' name='Cooker' catalogId='eTeks#cooker' creator='eTeks' model='19/model.obj' x='96.049324' y='899.35706' angle='1.5707964' width='60.0' depth='63.999928' height='86.0' movable='false'/>
    <pieceOfFurniture level='level2' name='Sink' catalogId='eTeks#sink' creator='eTeks' model='21/model.obj' x='-11.339874' y='1040.4141' angle='3.141592' width='151.0' depth='72.0' height='106.0' movable='false'/>
    <pieceOfFurniture level='level2' name='Kitchen cabinet' catalogId='eTeks#kitchenCabinet' creator='eTeks' model='23/model.obj' x='96.7312' y='1032.8955' angle='1.5707964' width='87.200005' depth='64.6' height='85.0' movable='false'/>
    <pieceOfFurniture level='level2' name='Fridge' catalogId='eTeks#fridge' creator='eTeks' model='25/model.obj' x='96.03124' y='959.61475' angle='1.5707964' width='60.0' depth='65.99992' height='85.0' movable='false'/>
  </furnitureGroup>
  <furnitureGroup level='level2' name='Group -3-' x='33.14998' y='1196.0308' angle='4.712389' width='176.00598' depth='207.49368' height='250.0' modelMirrored='true' movable='false'>
    <pieceOfFurniture level='level2' name='Shower' catalogId='eTeks#shower' creator='eTeks' model='27/model.obj' x='-20.59674' y='1223.2141' angle='4.712391' width='120.0' depth='99.99998' height='211.0' modelMirrored='true' movable='false'/>
    <pieceOfFurniture level='level2' name='Toilet unit' catalogId='eTeks#toiletUnit' creator='eTeks' model='29/model.obj' x='-30.596859' y='1128.0278' angle='4.712389' width='39.99998' depth='79.99998' height='62.0' modelMirrored='true' movable='false'/>
    <pieceOfFurniture level='level2' name='Washbasin with cabinet' catalogId='eTeks#washbasinWithCabinet' creator='eTeks' model='31/model.obj' x='94.7171' y='1255.5338' angle='3.1415927' width='61.99997' depth='57.0' height='97.0' modelMirrored='true' movable='false'/>
    <pieceOfFurniture level='level2' name='Curtain' catalogId='Geantick#curtain' creator='Geantick' model='33/model.obj' x='125.39682' y='1145.109' angle='1.5707963' width='67.0' depth='22.999983' height='250.0' modelMirrored='true' modelRotation='-1 0 0 0 1 0 0 0 -1' movable='false'/>
  </furnitureGroup>
  <pieceOfFurniture level='level1' name='Curve staircase' catalogId='eTeks#curveStaircase' creator='eTeks' model='35/model.obj' x='98.29383' y='679.3104' angle='3.1415927' width='79.0' depth='218.0' height='362.0' modelMirrored='true' movable='false'/>
  <doorOrWindow level='level1' name='Door' catalogId='eTeks#door' creator='eTeks' model='37/model.obj' x='543.2505' y='855.688' elevation='90.0' angle='3.3156607' width='91.5' depth='14.500751' height='100.0' color='FF8F8F8F' shininess='0.5' movable='false'/>
  <doorOrWindow level='level1' name='Door' catalogId='eTeks#door' creator='eTeks' model='37/model.obj' x='453.13318' y='839.8411' elevation='90.0' angle='3.3156607' width='91.5' depth='14.500751' height='100.0' modelMirrored='true' color='FF8F8F8F' shininess='0.5' movable='false'/>
  <pieceOfFurniture level='level1' name='Dresser' catalogId='Geantick#dresser' creator='Geantick' model='11/model.obj' x='602.47955' y='714.4527' angle='1.5707964' width='289.0' depth='80.0' height='80.0' color='FF391F01'/>
  <pieceOfFurniture level='level1' name='Chair' catalogId='eTeks#chair' creator='eTeks' model='39/model.obj' x='476.21173' y='679.09576' angle='3.1415927' width='40.0' depth='42.0' height='90.0'/>
  <pieceOfFurniture level='level2' name='Desk' catalogId='Sheep#desk' creator='Sheep' model='41/model.obj' x='256.02713' y='612.9293' width='204.0' depth='70.5' height='80.0' color='FF271C00'/>
  <pieceOfFurniture level='level2' name='Chair' catalogId='eTeks#chair' creator='eTeks' model='39/model.obj' x='247.39264' y='691.16327' angle='3.1415927' width='40.0' depth='42.0' height='90.0'/>
  <pieceOfFurniture level='level2' name='Railing' catalogId='Artist373#railing' creator='Artist373' model='1/model.obj' x='516.6346' y='573.55786' width='235.0' depth='9.900001' height='100.0' color='FF391F01' movable='false'/>
  <pieceOfFurniture level='level1' name='Desk' catalogId='Sheep#desk' creator='Sheep' model='41/model.obj' x='459.22278' y='602.85266' width='204.0' depth='70.5' height='80.0' color='FF391F01'/>
  <pieceOfFurniture level='level3' name='roof porch' model='43/roof%20porch.obj' x='392.47205' y='713.98065' elevation='190.0' angle='3.1415927' width='530.0' depth='344.4496' height='69.79188' modelRotation='0 -1 0 0 0 -1 1 0 0'/>
  <pieceOfFurniture level='level3' name='roof_kitchen' model='45/roof_kitchen.obj' x='3.7516937' y='1084.2864' elevation='185.0' width='294.31552' depth='430.0' height='79.14331' modelRotation='1 0 0 0 0 1 0 -1 0'/>
  <pieceOfFurniture level='level5' name='roof_pointy' model='47/roof_pointy.obj' x='551.0225' y='1087.1105' elevation='10.0' width='330.13107' depth='446.26703' height='67.0329' modelRotation='0 1 0 0 0 -1 -1 0 0'/>
  <pieceOfFurniture level='level5' name='roof_pointy' model='47/roof_pointy.obj' x='220.47443' y='1085.8644' elevation='10.0' angle='3.1408434' width='330.13107' depth='446.26703' height='67.0329' modelRotation='0 1 0 0 0 -1 -1 0 0'/>
  <pieceOfFurniture level='level0' name='slope16' model='49/slope16.obj' x='470.0218' y='747.0603' angle='0.17453292' width='1500.0' depth='1500.1' height='444.2' color='FF725800' modelRotation='0 -1 0 1 0 0 0 0 1'/>
</home>